City_ID,City,Cloudiness,Country,Date,Humidity,Lat,Lng,Max Temp,Wind Speed
0,atuona,0,PF,1574783068,73,-9.8,-139.03,78.94,13.78
1,dikson,100,RU,1574783068,96,73.51,80.55,1.62,4.23
2,punta alta,90,AR,1574783069,100,-27.46,-55.82,73.4,5.82
3,chara,20,GR,1574783069,76,39.42,22.43,59.0,5.82
4,salalah,40,OM,1574783069,69,17.01,54.1,80.6,3.36
5,new norfolk,95,AU,1574783069,85,-42.78,147.06,50.0,11.41
6,husavik,97,CA,1574783069,97,50.56,-96.99,28.99,3.2
7,qaanaaq,64,GL,1574783070,92,77.48,-69.36,2.44,4.27
8,cabedelo,75,BR,1574783070,58,-6.97,-34.84,87.8,11.41
9,albany,40,US,1574783031,65,42.65,-73.75,48.99,12.75
10,unai,100,BR,1574783070,74,-16.36,-46.91,77.16,7.65
11,lavrentiya,95,RU,1574783071,73,65.58,-170.99,31.93,27.29
12,khandyga,99,RU,1574783071,98,62.65,135.58,-41.22,1.41
13,cape town,0,ZA,1574782823,64,-33.93,18.42,71.6,17.22
14,bathsheba,40,BB,1574783071,74,13.22,-59.52,86.0,24.16
15,tongren,100,CN,1574783071,93,27.72,109.18,37.24,4.05
16,tilichiki,99,RU,1574783072,81,60.47,166.1,7.61,17.07
17,yellowknife,20,CA,1574782985,84,62.45,-114.38,1.99,8.05
18,kapaa,75,US,1574783072,83,22.08,-159.32,78.8,8.05
19,labuhan,74,ID,1574783072,79,-2.54,115.51,76.77,1.41
20,chokurdakh,96,RU,1574783072,100,70.62,147.9,-33.81,2.98
21,vaini,68,IN,1574783073,64,15.34,74.49,69.8,4.7
22,vrangel,100,RU,1574783073,57,42.73,133.08,42.01,32.14
23,port elizabeth,1,US,1574783073,71,39.31,-74.98,57.99,5.82
24,contamana,83,PE,1574783073,43,-7.35,-75.01,92.48,5.21
25,pelym,100,RU,1574783073,90,61.01,62.0,13.68,5.66
26,upernavik,100,GL,1574783073,98,72.79,-56.15,31.12,10.63
27,kavaratti,23,IN,1574783055,71,10.57,72.64,84.0,6.02
28,rikitea,61,PF,1574783074,76,-23.12,-134.97,73.2,12.17
29,castro,75,CL,1574783074,76,-42.48,-73.76,51.8,13.87
30,barrow,61,AR,1574783074,20,-38.31,-60.23,74.23,18.88
31,havelock,20,US,1574783074,67,34.88,-76.9,66.0,2.3
32,shambu,29,ET,1574783075,94,9.57,37.1,58.91,2.15
33,jamestown,0,AU,1574783075,53,-33.21,138.6,48.56,9.75
34,norman wells,40,CA,1574783075,83,65.28,-126.83,-14.8,2.24
35,lishui,100,CN,1574783075,81,28.45,119.91,50.2,2.28
36,hofn,15,IS,1574783075,50,64.25,-15.21,33.8,5.82
37,doctor juan leon mallorquin,100,PY,1574783076,48,-25.4,-55.27,90.59,10.18
38,vila franca do campo,20,PT,1574783077,68,37.72,-25.43,66.2,17.22
39,san quintin,0,PH,1574783078,79,17.54,120.52,72.82,6.55
40,ushuaia,75,AR,1574782922,75,-54.81,-68.31,48.2,17.22
41,yeppoon,0,AU,1574783078,69,-23.13,150.74,75.2,3.36
42,iqaluit,90,CA,1574783078,94,63.75,-68.52,32.0,18.34
43,punta arenas,20,CL,1574783078,50,-53.16,-70.91,51.8,23.04
44,hay river,90,CA,1574783079,92,60.82,-115.79,15.8,10.29
45,bredasdorp,0,ZA,1574783079,53,-34.53,20.04,75.2,14.99
46,boromo,0,BF,1574783079,9,11.74,-2.93,102.06,10.67
47,necochea,33,AR,1574783079,59,-38.55,-58.74,69.01,15.01
48,lumeje,100,AO,1574783079,77,-11.56,20.78,75.15,9.53
49,tuktoyaktuk,90,CA,1574783079,77,69.44,-133.03,3.2,9.17
50,broome,75,GB,1574783080,93,52.47,1.45,55.4,12.75
51,sitka,4,US,1574783080,89,37.17,-99.65,35.01,11.03
52,thompson,90,CA,1574783080,85,55.74,-97.86,19.4,5.82
53,presidente medici,0,BR,1574783081,48,-11.18,-61.9,92.97,8.3
54,kolaras,0,IN,1574783081,46,25.22,77.61,70.59,7.29
55,jinchang,100,CN,1574783081,41,38.52,102.19,22.69,3.67
56,bambous virieux,40,MU,1574783081,88,-20.34,57.76,78.8,6.93
57,kavieng,96,PG,1574783081,72,-2.57,150.8,83.89,6.98
58,vershino-shakhtaminskiy,0,RU,1574783081,86,51.3,117.89,-10.14,3.36
59,saint-pierre,75,FR,1574783082,93,48.95,4.24,53.6,13.87
60,saldanha,74,PT,1574783082,71,41.42,-6.55,58.5,22.15
61,geraldton,90,CA,1574783082,85,49.72,-86.95,21.2,5.82
62,khatanga,100,RU,1574783082,92,71.98,102.47,6.39,14.0
63,kodiak,90,US,1574783083,65,39.95,-94.76,41.0,19.46
64,saint-philippe,40,CA,1574783083,66,45.36,-73.48,48.2,8.05
65,mataura,100,NZ,1574783083,81,-46.19,168.86,61.0,1.99
66,yebaishou,94,CN,1574783084,34,41.4,119.64,18.95,15.95
67,cravo norte,72,CO,1574783085,73,6.3,-70.2,84.81,9.26
68,meulaboh,84,ID,1574783085,70,4.14,96.13,83.28,2.68
69,hobart,93,AU,1574782819,67,-42.88,147.33,50.0,11.41
70,robertsport,2,LR,1574783085,71,6.75,-11.37,83.25,6.42
71,nokaneng,86,BW,1574783085,17,-19.66,22.19,96.71,7.23
72,hermanus,0,ZA,1574783085,78,-34.42,19.24,71.01,7.0
73,port blair,43,IN,1574783048,73,11.67,92.75,83.03,16.6
74,linxia,51,CN,1574782936,64,35.6,103.21,24.4,1.81
75,esna,90,RO,1574783086,100,45.2,27.57,35.6,16.11
76,komsomolskiy,100,RU,1574783086,94,67.55,63.78,11.08,16.22
77,ancud,75,CL,1574783086,76,-41.87,-73.83,51.8,13.87
78,vargashi,37,RU,1574783087,96,55.36,65.85,3.42,7.78
79,mazamari,49,PE,1574783087,55,-11.33,-74.53,77.32,4.43
80,clyde river,90,CA,1574783087,92,70.47,-68.59,19.4,8.05
81,hualmay,21,PE,1574783087,60,-11.1,-77.61,73.26,8.46
82,georgetown,90,GY,1574782872,100,6.8,-58.16,82.4,2.24
83,cockburn town,40,TC,1574783088,66,21.46,-71.14,86.0,6.93
84,beringovskiy,80,RU,1574783088,78,63.05,179.32,22.57,40.02
85,busselton,0,AU,1574783088,41,-33.64,115.35,62.01,14.79
86,saint-leu,100,RE,1574783088,78,-21.15,55.28,80.6,5.82
87,inta,98,RU,1574783088,89,66.04,60.13,14.99,22.41
88,victoria,75,BN,1574783040,88,5.28,115.24,82.4,7.52
89,katsuura,75,JP,1574783089,76,33.93,134.5,53.6,6.93
90,okhotsk,63,RU,1574783089,70,59.36,143.24,-19.21,19.26
91,airai,15,TL,1574783089,88,-8.93,125.41,66.51,1.86
92,port alfred,0,ZA,1574783089,78,-33.59,26.89,72.0,1.01
93,moree,90,AU,1574783089,48,-29.46,149.84,60.8,14.99
94,aklavik,20,CA,1574783090,84,68.22,-135.01,3.2,4.7
95,ranfurly,100,CA,1574783090,87,53.41,-111.68,19.58,8.99
96,cherskiy,100,RU,1574783090,90,68.75,161.3,-3.51,26.17
97,ribeira grande,20,PT,1574783090,64,38.52,-28.7,68.0,16.11
98,tiksi,91,RU,1574783091,87,71.64,128.87,-24.88,8.9
99,puerto ayora,31,EC,1574783091,61,-0.74,-90.35,78.8,18.34
100,ulladulla,0,AU,1574782857,50,-35.36,150.48,55.99,8.05
101,nha trang,75,VN,1574783091,88,12.24,109.19,78.8,17.22
102,richards bay,0,ZA,1574783092,66,-28.77,32.06,75.52,12.1
103,sistranda,75,NO,1574783092,100,63.73,8.83,41.0,3.36
104,ponta do sol,100,BR,1574783092,75,-20.63,-46.0,74.55,5.86
105,saint george,20,GR,1574783092,76,39.45,22.34,59.0,5.82
106,hilo,90,US,1574783092,100,19.71,-155.08,71.01,5.82
107,esperance,0,AU,1574783092,82,-33.86,121.89,55.4,8.05
108,kaseda,100,JP,1574783093,93,31.42,130.32,57.0,5.01
109,mar del plata,33,AR,1574782866,29,-46.43,-67.52,61.45,28.39
110,longyearbyen,75,NO,1574783093,60,78.22,15.63,10.4,6.93
111,gravdal,75,NO,1574783093,93,59.79,5.78,45.0,3.36
112,lubango,86,AO,1574783093,48,-14.92,13.49,77.31,5.17
113,east london,0,ZA,1574783037,64,-33.02,27.91,73.4,3.36
114,butaritari,92,KI,1574783094,79,3.07,172.79,83.35,11.48
115,avarua,100,CK,1574783094,100,-21.21,-159.78,71.6,2.24
116,praia da vitoria,20,PT,1574783094,64,38.73,-27.07,68.0,17.58
117,kolyvan,90,RU,1574783095,85,55.31,82.74,17.6,4.47
118,alfena,75,PT,1574783095,100,41.24,-8.53,62.6,19.46
119,pisco,5,PE,1574782844,30,-13.71,-76.2,72.0,12.75
120,yaan,0,NG,1574783095,29,7.38,8.57,96.12,6.31
121,lukiv,100,UA,1574783095,87,51.05,25.4,39.0,6.42
122,acajutla,98,SV,1574783096,61,13.59,-89.83,80.6,2.24
123,carnarvon,0,ZA,1574783096,2,-30.97,22.13,92.82,11.56
124,pontianak,40,ID,1574783096,94,-0.02,109.34,77.0,3.36
125,damghan,0,IR,1574783096,47,36.17,54.34,41.99,3.09
126,lebu,79,ET,1574783097,73,8.96,38.73,58.84,7.49
127,nome,90,US,1574783097,88,30.04,-94.42,77.0,8.05
128,fatehpur,0,PK,1574783097,39,31.18,71.21,66.42,6.76
129,moerai,100,PF,1574783097,87,-22.43,-151.33,77.31,7.47
130,pevek,100,RU,1574783097,84,69.7,170.27,17.01,16.71
131,marystown,100,CA,1574783098,77,47.17,-55.16,39.92,26.6
132,tonekabon,40,IR,1574783098,87,36.82,50.88,50.0,2.24
133,fomboni,100,KM,1574783098,74,-12.28,43.74,82.51,8.23
134,chernyshevskiy,100,RU,1574783098,93,63.01,112.47,-4.47,13.15
135,igarka,100,RU,1574783098,95,67.47,86.57,2.57,17.0
136,vestmanna,100,FO,1574783099,93,62.16,-7.17,42.8,9.17
137,tucano,100,BR,1574783099,52,-10.96,-38.79,87.33,7.23
138,carmen,40,PH,1574783100,88,7.36,125.71,78.8,2.24
139,kamaishi,5,JP,1574783100,77,39.28,141.86,35.17,5.01
140,bud,75,NO,1574783100,75,62.91,6.91,41.0,20.8
141,pangkalanbuun,24,ID,1574783100,91,-2.68,111.62,75.2,1.95
142,mechetinskaya,100,RU,1574783100,79,46.77,40.45,41.83,18.21
143,huanren,86,CN,1574783101,82,41.26,125.37,12.47,5.48
144,albanel,90,CA,1574783101,96,48.88,-72.44,34.0,5.82
145,kaihua,100,CN,1574783101,82,29.14,118.41,48.38,1.32
146,temiscaming,90,CA,1574783102,100,46.72,-79.1,37.4,14.99
147,avera,1,US,1574783102,62,33.19,-82.53,57.99,3.36
148,klaksvik,100,FO,1574783102,93,62.23,-6.59,42.8,9.17
149,san patricio,100,PY,1574783102,47,-26.98,-56.83,92.03,9.44
150,port hardy,75,CA,1574783102,92,50.7,-127.42,30.2,2.24
151,provideniya,78,RU,1574783103,91,64.42,-173.23,25.65,25.37
152,puerto escondido,5,MX,1574783103,73,15.86,-97.07,77.0,6.93
153,bubaque,0,GW,1574783103,50,11.28,-15.83,86.45,3.33
154,lima,75,PE,1574782916,73,-12.06,-77.04,73.4,6.93
155,mundo nuevo,0,CL,1574783103,49,-32.72,-71.41,71.6,8.05
156,wilmington,0,US,1574782836,76,39.75,-75.55,54.0,4.7
157,torbay,75,CA,1574783104,80,47.66,-52.73,42.01,27.51
158,dickinson,90,US,1574783104,86,46.88,-102.79,28.99,4.7
159,saint-augustin,90,CA,1574783104,70,45.63,-73.98,45.0,9.17
160,kurchum,18,KZ,1574783105,90,48.57,83.65,14.16,3.04
161,eydhafushi,100,MV,1574783105,78,5.1,73.07,83.66,17.76
162,paamiut,0,GL,1574783105,44,61.99,-49.67,32.4,4.94
163,tra vinh,98,VN,1574783105,85,9.93,106.35,78.37,7.05
164,shache,12,CN,1574783105,42,38.42,77.24,28.74,2.86
165,bajil,37,ES,1574783106,84,38.23,-2.07,57.0,5.99
166,tasiilaq,5,GL,1574783106,58,65.61,-37.64,26.6,6.93
167,opuwo,100,NA,1574783106,21,-18.06,13.84,93.16,10.89
168,nueva helvecia,75,UY,1574783107,82,-34.28,-57.23,68.0,12.75
169,tura,74,RU,1574783107,88,64.27,100.22,-9.85,7.27
170,hithadhoo,100,MV,1574783107,82,-0.6,73.08,82.42,15.88
171,balgazyn,100,RU,1574783107,83,51.0,95.2,-0.08,1.41
172,coihaique,90,CL,1574783107,87,-45.58,-72.07,46.4,5.82
173,touros,75,BR,1574783108,49,-5.2,-35.46,89.6,16.11
174,flinders,0,AU,1574783076,50,-34.58,150.85,60.01,8.05
175,kruisfontein,0,ZA,1574783108,30,-34.0,24.73,74.86,8.59
176,luderitz,0,NA,1574783108,68,-26.65,15.16,66.2,8.05
177,alvand,0,IR,1574783109,56,36.19,50.06,39.2,2.24
178,vardo,1,US,1574783109,61,39.62,-77.74,54.0,6.93
179,filingue,0,NE,1574783109,8,14.35,3.32,99.97,8.9
180,huarmey,83,PE,1574783109,51,-10.07,-78.15,76.19,7.36
181,zhigansk,100,RU,1574783110,93,66.77,123.37,-21.62,18.25
182,pangody,100,RU,1574783110,92,65.85,74.49,7.88,17.31
183,cabo san lucas,90,MX,1574783054,82,22.89,-109.91,70.0,3.36
184,aksay,60,KZ,1574783110,79,51.17,53.01,21.43,4.32
185,leh,100,IN,1574783110,71,34.16,77.58,12.49,5.5
186,roma,67,IT,1574782941,72,41.89,12.48,64.4,2.24
187,pacific grove,1,US,1574782864,70,36.62,-121.92,48.99,4.7
188,nanortalik,100,GL,1574783111,36,60.14,-45.24,34.12,3.02
189,nyurba,100,RU,1574783111,88,63.29,118.35,-9.02,10.47
190,gobabis,0,NA,1574783112,6,-22.45,18.97,96.22,14.76
191,sangin,0,AF,1574783112,53,32.07,64.85,48.83,2.01
192,mareeba,60,AU,1574783112,73,-16.99,145.42,78.01,1.57
193,koszalin,100,PL,1574783112,10,54.19,16.18,39.99,8.14
194,nikolskoye,90,RU,1574783112,86,59.7,30.79,27.0,4.47
195,marrakesh,100,MA,1574782945,38,31.63,-7.99,75.2,6.93
196,staryy nadym,100,RU,1574783113,92,65.61,72.68,5.92,16.62
197,colesberg,0,ZA,1574783113,3,-30.72,25.1,93.6,12.19
198,portland,20,US,1574783113,70,43.66,-70.25,48.99,15.12
199,san buenaventura,68,MX,1574783114,38,27.06,-101.55,74.21,12.03
200,sarkand,56,KZ,1574783114,75,45.41,79.91,12.31,3.42
201,lorengau,5,PG,1574783114,72,-2.02,147.27,83.37,9.91
202,sabang,100,PH,1574783114,93,13.8,121.11,77.0,5.37
203,hasaki,75,JP,1574783115,87,35.73,140.83,46.4,10.29
204,bluff,6,AU,1574783115,77,-23.58,149.07,72.16,11.21
205,katobu,0,ID,1574783115,86,-4.94,122.53,75.18,1.99
206,pahrump,1,US,1574783115,47,36.21,-115.98,45.0,5.82
207,leningradskiy,100,RU,1574783116,93,69.38,178.42,24.76,31.94
208,gambela,86,ET,1574783117,81,8.25,34.59,77.18,4.76
209,chabahar,0,IR,1574783117,36,25.29,60.65,72.9,6.64
210,lahat,76,ID,1574783117,95,-3.78,103.55,69.48,3.06
211,talnakh,75,RU,1574783117,84,69.49,88.39,8.6,29.08
212,gasa,48,BT,1574783117,93,27.91,89.73,21.22,2.66
213,mackay,40,CA,1574783118,92,53.65,-115.58,21.2,3.36
214,hambantota,20,LK,1574783118,100,6.12,81.12,77.0,5.82
215,laguna,20,BZ,1574783118,83,16.17,-88.94,80.6,4.7
216,constitucion,40,MX,1574783118,17,23.99,-104.67,57.99,10.29
217,mount gambier,90,AU,1574783020,81,-37.83,140.78,48.2,6.93
218,brokopondo,75,SR,1574783119,62,5.06,-54.98,90.0,11.41
219,christchurch,0,NZ,1574783119,44,-43.53,172.64,64.0,2.24
220,ostersund,20,SE,1574783119,100,63.18,14.64,32.0,3.36
221,tsiroanomandidy,100,MG,1574783119,79,-18.77,46.05,75.22,3.02
222,belle vue maurel,40,MU,1574783119,88,-20.12,57.66,78.8,6.93
223,praya,20,ID,1574783120,83,-8.71,116.27,80.6,3.36
224,les escoumins,61,CA,1574783120,80,48.35,-69.4,31.93,3.09
225,hede,90,SE,1574783120,100,60.45,15.49,37.0,2.44
226,mehamn,90,NO,1574783120,64,71.03,27.85,35.6,20.8
227,camopi,71,GF,1574783121,47,3.17,-52.33,91.24,5.66
228,ilhabela,0,BR,1574783121,75,-23.78,-45.36,72.21,20.27
229,nanning,40,CN,1574783121,68,22.83,108.3,66.2,4.47
230,aasiaat,72,GL,1574783121,59,68.71,-52.87,18.86,6.38
231,kromy,20,RU,1574783121,71,52.69,35.77,26.82,8.72
232,blackfoot,75,US,1574783122,85,43.19,-112.35,23.0,3.36
233,zhezkazgan,0,KZ,1574783122,92,47.8,67.71,8.08,5.28
234,grindavik,0,IS,1574783122,60,63.84,-22.43,32.0,3.71
235,severo-kurilsk,92,RU,1574783122,87,50.68,156.12,20.35,25.32
236,tarabha,14,IN,1574783123,77,20.73,83.65,69.17,4.25
237,turgenevo,7,RU,1574783123,44,54.84,46.32,21.15,6.31
238,lasa,75,CY,1574783123,77,34.92,32.53,71.6,16.11
239,codrington,94,AU,1574783123,64,-28.95,153.24,73.99,4.7
240,yerbogachen,100,RU,1574783123,93,61.28,108.01,4.46,13.85
241,neiafu,20,TO,1574783124,100,-18.65,-173.98,64.4,14.92
242,miri,0,NG,1574783124,11,10.31,9.75,93.63,10.51
243,umtata,0,ZA,1574783124,38,-31.59,28.78,77.0,17.22
244,bozeman,90,US,1574783124,92,45.68,-111.04,21.99,3.36
245,anahuac,100,MX,1574783125,91,26.44,-109.02,64.99,1.99
246,lev tolstoy,0,RU,1574783125,79,53.21,39.45,21.2,11.18
247,abadan,0,IR,1574783125,68,30.36,48.26,71.6,2.24
248,hovd,75,NO,1574783125,96,63.83,10.7,41.0,2.24
249,jablonne v podjestedi,95,CZ,1574783125,92,50.77,14.76,44.01,8.99
250,camacha,20,PT,1574783125,68,33.08,-16.33,71.6,8.05
251,evans,90,US,1574783126,92,40.38,-104.69,26.6,10.29
252,klyuchevskiy,0,RU,1574783126,85,53.53,119.45,-16.94,2.8
253,voh,0,NC,1574783126,80,-20.95,164.69,71.69,6.6
254,narsaq,75,GL,1574783126,63,60.91,-46.05,26.6,1.12
255,half moon bay,1,US,1574783007,80,37.46,-122.43,48.0,3.36
256,dingle,95,PH,1574783127,93,11.0,122.67,74.52,8.41
257,salina,75,US,1574783127,64,38.84,-97.61,41.0,17.22
258,erenhot,78,CN,1574783127,32,43.65,111.97,15.73,7.76
259,tame,58,CO,1574783127,59,6.46,-71.72,86.92,6.76
260,luocheng,100,CN,1574783127,89,28.29,114.55,44.24,2.64
261,lerwick,75,GB,1574783128,87,60.15,-1.15,46.4,24.16
262,rio gallegos,40,AR,1574783128,43,-51.62,-69.22,55.4,11.41
263,ngunguru,0,NZ,1574783128,94,-35.62,174.5,57.0,3.47
264,mardin,83,TR,1574783128,34,37.32,40.72,60.8,8.05
265,bethel,90,US,1574783129,100,60.79,-161.76,35.6,34.45
266,yarada,20,IN,1574783129,78,17.65,83.27,77.0,3.36
267,mahebourg,40,MU,1574783129,88,-20.41,57.7,78.8,6.93
268,chuy,100,UY,1574783129,87,-33.69,-53.46,68.43,9.78
269,kaitangata,100,NZ,1574783129,69,-46.28,169.85,62.01,4.0
270,kyshtovka,86,RU,1574783130,96,56.56,76.62,6.03,3.98
271,faanui,87,PF,1574783130,75,-16.48,-151.75,81.75,3.53
272,sur,3,OM,1574783130,51,22.57,59.53,73.65,16.51
273,goderich,67,CA,1574783042,83,43.74,-81.71,46.0,7.0
274,turtas,65,RU,1574783131,95,58.94,69.13,4.87,7.25
275,tonantins,81,BR,1574783131,90,-2.86,-67.77,82.89,2.59
276,malinovoye ozero,100,RU,1574783131,90,51.68,79.77,13.06,7.65
277,brenham,90,US,1574783131,88,30.17,-96.4,75.2,12.75
278,adrar,0,DZ,1574783131,25,27.87,-0.29,77.0,5.82
279,bonthe,54,SL,1574783131,71,7.53,-12.5,85.5,9.13
280,port lincoln,6,AU,1574783132,71,-34.72,135.86,50.97,2.01
281,kirakira,82,SB,1574783132,87,-10.46,161.92,76.14,7.02
282,suntar,100,RU,1574783133,85,62.16,117.65,-3.87,10.36
283,horsham,0,AU,1574783133,82,-36.71,142.2,43.9,3.85
284,bintulu,75,MY,1574783133,94,3.17,113.03,77.0,3.36
285,brae,20,GB,1574783133,93,60.4,-1.35,46.4,14.99
286,ostrovnoy,100,RU,1574783133,97,68.05,39.51,25.84,10.54
287,souillac,100,FR,1574783134,82,45.6,-0.6,57.2,8.05
288,kalmunai,9,LK,1574783134,75,7.42,81.82,82.85,12.24
289,shetpe,0,KZ,1574783134,46,44.14,52.16,29.12,16.17
290,conde,98,BR,1574783134,87,-11.81,-37.61,77.58,11.23
291,marawi,100,PH,1574783134,91,8.0,124.29,75.99,4.0
292,svetlaya,100,RU,1574783135,52,46.54,138.33,25.38,6.2
293,ola,26,RU,1574783135,87,59.58,151.3,-10.26,12.08
294,arraial do cabo,0,BR,1574783135,51,-22.97,-42.02,80.6,19.46
295,clovis,27,US,1574783035,69,36.83,-119.7,39.0,2.95
296,haflong,0,IN,1574783136,89,25.18,93.03,66.43,4.27
297,naziya,100,RU,1574783136,99,59.84,31.59,27.0,12.24
298,emerald,33,AU,1574783136,50,-23.53,148.16,78.8,9.17
299,bacolod,81,PH,1574783136,80,10.68,122.95,73.49,4.7
300,tiarei,100,PF,1574783136,74,-17.53,-149.33,80.6,6.93
301,washougal,90,US,1574783137,86,45.58,-122.35,41.0,3.36
302,hamilton,20,CA,1574783137,87,43.26,-79.87,50.0,10.29
303,phalaborwa,14,ZA,1574783137,46,-23.95,31.14,89.6,8.05
304,bilma,0,NE,1574783137,10,18.69,12.92,92.73,3.42
305,kirkenaer,75,NO,1574783012,97,60.46,12.06,33.8,4.7
306,san fernando,40,TT,1574783137,88,10.28,-61.46,82.0,5.82
307,buala,45,SB,1574783138,84,-8.15,159.59,77.79,4.43
308,barguzin,88,RU,1574783138,96,53.62,109.63,-0.13,2.28
309,penzance,20,GB,1574783138,81,50.12,-5.53,54.0,27.51
310,samarai,33,PG,1574783138,88,-10.62,150.67,72.09,5.79
311,shaowu,100,CN,1574783138,83,27.34,117.49,52.07,1.7
312,santiago del estero,51,AR,1574782930,49,-27.8,-64.26,78.91,17.0
313,salisbury,40,GB,1574783139,87,51.07,-1.8,55.99,17.22
314,altamira,97,BR,1574783036,50,-3.2,-52.21,92.12,5.1
315,santa maria,75,BR,1574783139,61,-16.02,-48.01,81.0,12.75
316,porlamar,20,VE,1574783140,70,10.96,-63.85,86.0,17.76
317,cayenne,75,GF,1574783140,70,4.94,-52.33,87.8,14.99
318,mezhdurechensk,93,RU,1574783140,87,53.69,88.07,11.59,2.21
319,iranshahr,0,IR,1574783141,24,27.21,60.69,64.4,6.93
320,pullman,75,US,1574783141,86,46.73,-117.17,30.0,2.64
321,teguise,20,ES,1574783141,60,29.06,-13.56,75.2,14.99
322,grants,75,US,1574783141,67,35.15,-107.85,23.0,19.46
323,lexington,1,US,1574782859,66,38.05,-84.5,55.0,10.29
324,ludvika,90,SE,1574783142,100,60.15,15.18,37.0,3.47
325,berlevag,75,NO,1574783142,92,70.86,29.09,28.4,3.36
326,namtsy,100,RU,1574783142,67,62.72,129.66,-27.4,4.47
327,oranjemund,0,ZA,1574783142,24,-28.55,16.43,82.76,26.19
328,fortuna,90,US,1574783143,86,40.6,-124.16,43.0,12.75
329,risor,75,NO,1574783143,100,58.72,9.23,37.4,9.17
330,zyryanka,100,RU,1574783143,96,65.73,150.89,-18.98,17.34
331,bollnas,100,SE,1574783143,98,61.35,16.39,35.01,1.28
332,alytus,90,LT,1574783143,92,54.4,24.05,30.2,8.05
333,shimoda,100,JP,1574783144,93,34.7,138.93,46.99,1.99
334,cudahy,1,US,1574783066,21,33.96,-118.19,59.0,5.82
335,kalakamati,20,BW,1574783144,28,-20.59,27.31,93.2,14.99
336,kazachinskoye,72,RU,1574783144,95,57.69,93.28,0.12,3.96
337,popondetta,80,PG,1574783144,89,-8.77,148.24,62.29,2.35
338,colonelganj,0,IN,1574783144,44,27.13,81.7,72.72,0.76
339,nayoro,100,JP,1574783145,95,44.36,142.46,22.59,7.76
340,gidole,100,ET,1574783145,88,5.65,37.37,67.35,1.61
341,sao filipe,0,CV,1574783145,75,14.9,-24.5,76.44,17.11
342,margate,93,AU,1574783146,67,-43.03,147.26,50.0,11.41
343,chongwe,98,ZM,1574783146,75,-15.33,28.68,75.16,4.9
344,rio grande,90,BR,1574783091,69,-32.03,-52.1,75.2,17.22
345,west bay,75,CA,1574783146,86,49.34,-123.21,39.99,8.05
346,pinega,96,RU,1574783147,96,64.7,43.39,26.46,7.94
347,rehnan,0,IR,1574783147,42,32.68,51.6,42.8,4.7
348,owen sound,75,CA,1574783147,87,44.57,-80.95,45.0,6.93
349,indramayu,86,ID,1574783147,93,-4.05,103.78,74.55,0.78
350,thinadhoo,100,MV,1574783148,80,0.53,72.93,83.14,16.91
351,namibe,100,AO,1574783148,79,-15.19,12.15,73.71,11.01
352,yar-sale,100,RU,1574783148,93,66.83,70.83,11.12,15.3
353,kalabo,58,ZM,1574783148,32,-15.0,22.67,89.98,8.43
354,fort wellington,100,GY,1574783148,81,6.4,-57.6,83.1,21.47
355,tuatapere,77,NZ,1574783148,81,-46.13,167.69,61.0,1.99
356,oistins,40,BB,1574783149,74,13.07,-59.53,86.0,24.16
357,bakel,0,SN,1574783149,10,14.9,-12.46,100.47,8.88
358,talgar,90,KZ,1574783149,85,43.3,77.24,24.8,2.24
359,lompoc,1,US,1574783149,52,34.64,-120.46,48.2,13.09
360,isangel,36,VU,1574783149,76,-19.55,169.27,74.25,16.93
361,qandala,54,SO,1574783150,77,11.47,49.87,77.58,12.55
362,rocha,100,UY,1574783126,64,-34.48,-54.34,75.63,6.62
363,lengshuitan,21,CN,1574783150,70,26.41,111.6,45.84,5.1
364,matamoros,90,US,1574783150,88,25.87,-97.51,79.0,26.4
365,delta,90,US,1574783116,63,38.74,-108.07,30.99,20.8
366,kupang,20,ID,1574783151,88,-10.16,123.6,78.8,1.12
367,san juan,45,AR,1574783151,44,-31.54,-68.53,64.47,21.77
368,bull savanna,8,JM,1574783151,70,17.89,-77.59,80.19,3.85
369,carballo,75,ES,1574783151,87,43.21,-8.69,59.0,19.46
370,mae ramat,0,TH,1574783151,84,16.98,98.52,66.38,2.28
371,coos bay,90,US,1574783152,93,43.37,-124.22,42.01,6.93
372,vila velha,75,BR,1574783152,58,-3.71,-38.6,87.8,13.87
373,winnemucca,75,US,1574783152,72,40.97,-117.74,23.0,5.82
374,harper,90,US,1574783152,88,30.3,-99.24,68.0,28.52
375,keti bandar,0,PK,1574783153,39,24.14,67.45,79.09,9.71
376,walvis bay,11,NA,1574783153,68,-22.95,14.51,68.0,11.41
377,puerto del rosario,20,ES,1574783153,73,28.5,-13.86,75.2,12.75
378,hazorasp,0,UZ,1574783153,62,41.32,61.08,21.2,4.7
379,ahipara,0,NZ,1574783154,100,-35.17,173.16,55.0,5.99
380,pucallpa,89,PE,1574783057,45,-8.38,-74.54,91.63,4.76
381,wuda,0,CN,1574783154,27,39.5,106.72,25.86,3.36
382,bose,100,IT,1574783154,76,45.46,8.01,55.99,2.24
383,oktyabrskiy,90,RU,1574783155,74,55.61,37.97,30.2,8.95
384,alexandria,95,RO,1574783155,98,43.97,25.33,44.01,1.01
385,ucluelet,75,CA,1574783156,83,48.94,-125.55,35.01,5.82
386,praia,40,BR,1574783156,54,-20.25,-43.81,80.6,8.05
387,saskylakh,98,RU,1574783156,96,71.97,114.09,-9.04,6.22
388,cidreira,52,BR,1574783157,75,-30.17,-50.22,70.9,26.71
389,tibati,0,CM,1574783157,19,6.47,12.63,92.21,5.75
390,port-gentil,75,GA,1574783157,83,-0.72,8.78,82.4,13.87
391,berdigestyakh,100,RU,1574783157,97,62.1,126.7,-19.35,5.39
392,inuvik,20,CA,1574783158,84,68.36,-133.71,3.2,4.7
393,phuket,20,TH,1574783158,69,7.89,98.4,82.4,4.7
394,shihezi,0,CN,1574783158,74,44.3,86.03,18.46,1.19
395,chulman,100,RU,1574783158,99,56.84,124.9,-19.61,0.45
396,horta,40,BR,1574783158,55,-10.93,-37.66,86.0,12.75
397,kieta,0,PG,1574783158,79,-6.22,155.63,78.31,7.49
398,hobyo,100,SO,1574783159,71,5.35,48.53,80.15,15.64
399,pemba,75,MZ,1574783159,88,-12.97,40.52,82.4,9.17
400,bratsk,84,RU,1574783159,84,56.15,101.63,1.4,4.47
401,woodward,1,US,1574783159,93,36.43,-99.39,42.8,13.11
402,port-cartier,20,CA,1574783159,79,50.03,-66.88,34.0,10.29
403,shubarshi,0,KZ,1574783159,84,48.59,57.19,16.83,2.3
404,silvia,3,CO,1574783160,58,2.61,-76.38,69.85,2.04
405,ballitoville,20,ZA,1574783160,65,-29.54,31.21,77.0,6.93
406,vallenar,0,CL,1574782884,32,-28.58,-70.76,75.94,9.95
407,celestun,0,MX,1574783160,75,20.87,-90.4,76.77,15.41
408,bennington,1,US,1574783161,70,42.88,-73.2,48.99,7.87
409,vao,100,EE,1574783161,85,59.1,26.19,25.5,5.5
410,shiraz,20,IR,1574783161,54,29.61,52.54,53.6,4.7
411,sopo,0,ID,1574783161,85,-9.81,124.46,74.19,4.74
412,samana,75,EC,1574783162,94,0.12,-76.97,77.0,4.7
413,namatanai,70,PG,1574783162,68,-3.66,152.44,81.46,11.1
414,acari,83,BR,1574783162,30,-6.44,-36.64,94.8,13.69
415,ukiah,90,US,1574783162,80,39.15,-123.21,43.0,3.02
416,hunchun,0,CN,1574783162,72,42.86,130.36,22.84,4.54
417,billings,20,US,1574783163,92,45.79,-108.5,21.99,0.63
418,zabid,49,YE,1574783163,82,14.2,44.5,61.03,4.47
419,burnie,37,AU,1574783163,75,-41.05,145.91,45.0,1.99
420,goundam,0,ML,1574783163,9,16.42,-3.66,95.49,10.38
421,fort nelson,90,CA,1574783163,85,58.81,-122.69,14.0,3.36
422,jalu,0,LY,1574783164,18,29.03,21.55,68.43,11.99
423,hareid,75,NO,1574783164,93,62.37,6.02,42.01,4.7
424,umarkot,0,PK,1574783164,29,25.37,69.74,75.97,8.84
425,college,1,US,1574783165,84,64.86,-147.8,8.6,8.05
426,manokwari,4,ID,1574783165,79,-0.87,134.08,72.54,5.97
427,gopalpur,0,BD,1574783165,62,24.18,89.13,73.92,4.5
428,tarauaca,24,BR,1574783165,48,-8.16,-70.77,90.72,5.12
429,kiama,0,AU,1574783166,50,-34.67,150.86,60.01,8.05
430,bandarbeyla,100,SO,1574783166,77,9.49,50.81,80.58,21.97
431,cehegin,37,ES,1574782885,52,38.09,-1.8,71.01,5.82
432,gizo,0,IL,1574783166,49,31.8,34.94,73.4,4.7
433,bay roberts,75,CA,1574783167,75,47.58,-53.28,42.01,26.4
434,dudinka,75,RU,1574783167,84,69.41,86.18,8.6,29.08
435,le port,100,FR,1574783167,51,42.87,1.37,59.0,3.0
436,riyadh,62,SA,1574782958,49,24.63,46.72,73.4,4.7
437,manzhouli,0,CN,1574783168,84,49.6,117.43,-1.82,10.87
438,guarapari,90,BR,1574783168,64,-20.67,-40.5,79.0,8.05
439,ozerne,100,UA,1574783168,77,50.18,28.74,32.13,8.08
440,andros town,40,BS,1574783168,69,24.73,-77.79,78.01,6.93
441,kasur,75,IN,1574783169,55,31.12,74.45,66.2,6.93
442,perth,0,AU,1574783169,56,-31.95,115.86,69.01,14.99
443,ixtapa,90,MX,1574783169,83,20.71,-105.21,80.01,1.81
444,manakara,1,MG,1574783169,86,-22.14,48.01,78.1,7.16
445,otane,100,NZ,1574783169,82,-39.89,176.62,54.0,1.99
446,nabire,52,ID,1574783169,93,-3.36,135.5,72.54,1.48
447,ilulissat,20,GL,1574783170,49,69.22,-51.1,24.8,4.54
448,ardakan,0,IR,1574783170,61,32.31,54.02,48.2,2.24
449,barhi,0,IN,1574783170,82,24.31,85.42,68.0,2.98
450,el prat de llobregat,0,ES,1574783171,72,41.32,2.1,66.0,16.11
451,eureka,90,US,1574782913,70,40.8,-124.16,43.0,9.17
452,buzmeyin,11,TM,1574783171,59,38.05,58.21,37.4,6.93
453,mazamitla,100,MX,1574783171,91,19.92,-103.02,59.59,3.38
454,barra patuca,0,HN,1574783171,78,15.8,-84.28,81.03,16.17
455,champerico,5,MX,1574783172,73,16.38,-93.6,75.2,2.73
456,lysyye gory,29,RU,1574783172,79,51.55,44.84,19.27,8.08
457,abha,75,SA,1574783172,77,18.22,42.5,66.2,8.05
458,plettenberg bay,11,ZA,1574783010,43,-34.05,23.37,67.26,2.01
459,hidalgo,90,US,1574783172,78,26.1,-98.26,77.0,24.16
460,kambove,43,CD,1574783172,80,-10.88,26.6,74.73,3.36
461,dawlatabad,100,AF,1574783173,46,36.41,64.91,36.86,3.53
462,alamosa,90,US,1574782891,68,37.47,-105.87,24.8,8.28
463,port moresby,46,PG,1574783173,78,-9.47,147.16,78.53,15.23
464,alugan,100,PH,1574783173,84,12.22,125.48,80.56,10.63
465,pareora,55,NZ,1574783173,54,-44.49,171.21,62.01,3.0
466,te anau,100,NZ,1574783174,95,-45.41,167.72,53.47,3.27
467,jabinyanah,20,TN,1574783174,46,35.03,10.91,69.8,6.93
468,tautira,100,PF,1574783174,74,-17.73,-149.15,80.6,6.93
469,high level,90,CA,1574783174,92,58.52,-117.13,10.4,11.41
470,heppenheim,90,DE,1574783175,76,49.64,8.64,53.6,3.36
471,clarence town,0,AU,1574783175,33,-32.59,151.78,64.0,10.29
472,kayankulam,92,IN,1574783051,72,9.18,76.5,82.67,14.65
473,itarema,100,BR,1574783175,48,-2.92,-39.92,89.31,12.55
474,yulara,67,AU,1574783003,22,-25.24,130.99,78.8,10.29
475,dalbandin,0,PK,1574782984,37,28.9,64.41,54.77,6.67
476,axim,19,GH,1574783176,59,4.87,-2.24,88.66,7.58
477,mansa,0,IN,1574783176,73,23.43,72.66,77.0,2.24
478,ajdovscina,75,SI,1574783176,71,45.89,13.91,57.99,3.36
479,moose factory,90,CA,1574783040,92,51.26,-80.61,28.4,6.93
480,micheweni,0,TZ,1574783177,83,-4.97,39.83,81.95,18.41
481,gamba,0,CN,1574783177,33,28.28,88.52,25.39,2.66
482,dzhebariki-khaya,100,RU,1574783178,95,62.22,135.8,-36.51,3.65
483,ust-tsilma,100,RU,1574783178,94,65.44,52.15,20.98,6.62
484,douentza,0,ML,1574783178,8,15.01,-2.95,96.62,10.22
485,bitkine,0,TD,1574783178,9,11.98,18.21,94.32,8.57
486,lagoa,20,PT,1574783179,93,37.14,-8.45,68.0,9.17
487,cascais,75,PT,1574783179,100,38.7,-9.42,64.4,14.99
488,oriximina,0,BR,1574783179,57,-1.77,-55.87,89.01,5.66
489,takoradi,0,GH,1574783179,73,4.89,-1.75,83.79,13.56
490,la ronge,90,CA,1574783179,85,55.1,-105.3,15.8,3.36
491,coquimbo,0,CL,1574783037,59,-29.95,-71.34,64.4,13.87
492,alofi,73,NU,1574783180,83,-19.06,-169.92,71.6,6.93
493,rincon,20,PA,1574783180,74,8.46,-82.28,84.2,6.93
494,cabo rojo,1,PR,1574783180,42,18.09,-67.15,88.0,12.75
495,pekalongan,1,ID,1574783180,88,-6.89,109.67,77.86,2.64
496,alice springs,100,AU,1574783181,16,-23.7,133.88,78.8,12.75
497,vila,100,IT,1574783181,87,45.18,8.4,55.99,1.12
498,birjand,0,IR,1574783181,48,32.86,59.22,41.0,6.93
499,apad,58,PH,1574783181,91,13.81,122.77,78.06,11.86
500,solnechnyy,100,RU,1574783182,84,50.72,136.64,4.73,2.66
501,cassilandia,68,BR,1574783182,43,-19.11,-51.73,91.9,6.91
502,orichi,100,RU,1574783182,54,58.4,49.06,22.1,8.55
503,bagdarin,99,RU,1574783182,80,54.44,113.59,-12.08,5.3
504,morehead,1,US,1574783062,57,38.18,-83.43,52.0,8.05
505,dicabisagan,74,PH,1574783183,87,17.08,122.42,76.78,9.8
506,grafenau,91,DE,1574783183,92,48.86,13.39,42.01,2.8
507,kachug,88,RU,1574783183,93,53.96,105.89,-6.74,1.03
508,hami,67,CN,1574783183,64,42.84,93.51,28.65,3.91
509,egvekinot,100,RU,1574783183,96,66.32,-179.17,21.79,8.25
510,ambon,90,FR,1574783183,93,47.55,-2.56,57.2,9.17
511,shaunavon,25,CA,1574783184,93,49.65,-108.41,17.74,4.85
512,vestmannaeyjar,20,IS,1574783184,66,63.44,-20.27,39.2,13.87
513,abong mbang,23,CM,1574783184,32,3.98,13.18,89.28,4.88
514,teahupoo,100,PF,1574783184,74,-17.83,-149.27,80.6,6.93
515,maputo,40,MZ,1574783184,74,-25.97,32.57,81.0,10.29
516,fairbanks,1,US,1574783106,84,64.84,-147.72,6.01,8.05
517,shahganj,0,IN,1574783185,94,26.06,82.68,68.0,2.37
518,olinda,67,AU,1574783185,75,-37.84,145.39,53.01,6.93
519,shar,0,NG,1574783185,29,7.3,8.73,96.12,6.31
520,bangalore,75,IN,1574783185,73,12.98,77.6,75.2,6.93
521,atar,0,MR,1574783186,12,20.52,-13.05,88.05,9.78
522,acapulco,5,MX,1574783186,83,16.86,-99.88,80.6,3.36
523,keuruu,90,FI,1574783186,98,62.26,24.71,33.01,8.05
524,northam,0,AU,1574783186,55,-31.65,116.67,66.2,9.17
525,kamennogorsk,90,RU,1574783186,92,60.95,29.13,30.2,3.36
526,udachnyy,75,RU,1574783187,83,66.42,112.4,-5.8,4.47
527,sinnamary,64,GF,1574783187,80,5.38,-52.96,82.4,16.69
528,cap malheureux,40,MU,1574783187,88,-19.98,57.61,78.8,6.93
529,goma,56,CD,1574783187,95,-1.67,29.23,63.66,1.39
530,darnah,29,LY,1574783187,66,32.77,22.64,67.44,29.59
531,pitimbu,75,BR,1574783188,58,-7.47,-34.81,87.8,11.41
532,domna,0,RU,1574783188,64,51.9,113.16,1.4,11.18
533,kathmandu,20,NP,1574783152,87,27.71,85.32,57.2,4.7
534,bejar,0,AL,1574783188,74,40.49,19.83,53.65,4.27
535,pascagoula,40,US,1574783025,77,30.37,-88.56,70.0,9.17
536,bundaberg,40,AU,1574782936,73,-24.87,152.35,75.2,8.05
537,uinskoye,100,RU,1574783189,83,56.88,56.58,16.02,7.29
538,beyneu,0,KZ,1574783189,42,45.32,55.19,28.2,8.81
539,cuenca,75,EC,1574783189,63,-2.9,-79.0,66.2,6.93
540,hauterive,90,CA,1574783189,80,49.18,-68.27,35.6,4.7
541,soe,90,EE,1574783190,92,57.91,26.05,28.0,8.05
542,nuuk,5,GL,1574783087,68,64.17,-51.74,26.6,10.29
543,mineiros,99,BR,1574783190,59,-17.57,-52.55,83.68,6.06
544,oskaloosa,90,US,1574783190,60,39.22,-95.31,43.0,9.17
545,teya,5,MX,1574783191,78,21.05,-89.07,86.0,10.29
546,santa rosa,0,AR,1574783191,22,-36.62,-64.29,71.01,14.0
547,basco,90,US,1574783191,80,40.33,-91.2,44.01,11.41
548,nueva imperial,75,CL,1574783191,66,-38.75,-72.95,55.4,3.36
549,kloulklubed,75,PW,1574783192,94,7.04,134.26,75.2,5.21
